Clean_Comment,True_Sentiment,Predicted_Sentiment
Weather manipulation to create a super El Niño is not cool. Then they blame it on cow farts 😂 trust the narrative.,Neutral,Positive
​ @AsherTheTherian737 you know you're cooked if you get humid subtropical ass weather in a place norther than minnesota which is cold,Negative,Neutral
"As an American, I’m pissed off if chocolate prices go higher how else am I supposed to get fat?",Positive,Neutral
"Rubbish podcast 10 seconds on uk what a waste of time, sorry we are only concerned on uk that why British people tune in, remember it's the British met office for British people.????",Negative,Neutral
Its unnusually warm in central Chile,Positive,Neutral
"Loving the dramatic thumbnail and inappropriate use of the word ""chaos"" but are you sure you want to go with ""super""? Maybe something more apocalyptic like ""End Times Nino"" or ""Ninogeddon""? Maybe ""could"" could be much larger? Just spitballing, no judgement.",Positive,Positive
​ @Easelandechoes BBC has not been factual in the last 30 years. Who is the muppet.,Neutral,Neutral
"​ @joeybloggs5931 😂 They probably flying Raro style, wait for a 747 instead of paddle",Neutral,Neutral
Nature does NOT need humans 😑but humans need nature 😈,Neutral,Neutral
"I’ve noticed that when winter is colder than usual they remain quiet but when we have warmer summers, they blame it on human made climate change",Negative,Neutral
​ @copyprint-fz2hb and that 3/4 is water that we can't drink.,Neutral,Neutral
There is only one Fernando Torres 👏👍🏻,Neutral,Neutral
@odiagam5755 what if it ALL disappeared huh,Neutral,Neutral
​ @glenn_01 but not bad as the past years el nino..,Neutral,Neutral
"oh so renewables and evs didnt make any difference? see, renewables are a joke",Neutral,Neutral
we should not be wasting money on machines that are water and electricity hungry,Neutral,Neutral
In other news is just another day on earth,Negative,Neutral
"Respected Sri, If evolution is that is all, and if there is no God, then there is no objective good or evil. So actions like six u ally abou sing Keds, graping, unaliving them, wars for dominance, bribe, lusting, jealousy, murder, pollution, global warming, unalving of keds and gerls in natural disasters etc are all just a matter of preference. Please sit and think about your world view and ripent. Kali yugam peaked... time over... The king of kings Jesus is returning ANYTIME SOON to judge all. He gave his life on he cross as a penalty for your evil deeds so that you may not be condemned but have eternal life with God and also live a relatively peaceful life on earth. if there is any other way to forgive our sins/bad actions please tell me.",Negative,Negative
Bring it on!! (Brit sarcasm!),Neutral,Neutral
And what can we do as taxpayers? Pay more tax ? Get a grip. Stop scaremongering ce sera sera ❤,Positive,Positive
It only exists in your models and not in reality.,Neutral,Neutral
"@monkiesbanana321 There is nothing in this video suggesting that humans have impacted this El Nino. Might I suggest that as there was a stronger El Nino in 1877 (and also Google, The Great El Nino of 1789-1793 clearly not human activity induced) Whatever the reason for those is also the reason for this. Also as we don't have records going back before that it is more than likely that there were many stronger El Nino event. This is not a recent phenomenon. As the temperature of the planet has fluctuated since its birth. Why do we think evolution and the planet should suddenly stop because we have arrived?",Positive,Positive
You know it doesn't help that people in power believe in a biblical righteous war right now in the middle east,Positive,Positive
"​ @xtremecoast I wish I could be this dumb, it seems peaceful",Negative,Neutral
Why is he talking like he is presenting this to an audience of 5 year olds?,Neutral,Neutral
"Brain washed you didn't they, lol",Positive,Positive
"One thing for sure is that corporations loves it, increase price? Yes please.......:_(",Positive,Positive
Yeah right Australia dribbled this prediction for 2024and 2025 after wiping egg of their expert faces I’m looking forward too it again,Positive,Positive
''All these are the beginning of birth pains.'' Matthew 24:8,Neutral,Neutral
nobody cares about this nonsense,Neutral,Neutral
El Niño has been a thing for over two decades if you live this part of the world. It is clearly getting stronger it also cause major bleaching killing corals,Positive,Positive
More b.s. scare tactics. Earth is just going threw its air conditioning cycles.just normal stuff.,Positive,Neutral
"It's going to be a danger to Life, the wet bulb moment.",Negative,Neutral
"Yea some more alarmist predictions that won’t materialize. BBC’s “ahhhhh we’re all gonna die ahhhhhh,” is another person’s “hey it’s nice outside.” Check back in 365 days. It’ll be fine.",Positive,Positive
I was sweating a lot last month in Cebu. I love tropical fruits but it's harsh to visit in June and July.,Positive,Positive
El bullshidoh…,Neutral,Neutral
​ @User-pu3lc it's been Aotearoa since names were names Kia-Orana,Neutral,Neutral
Geo engineered,Neutral,Neutral
"Ah, so the average Southeast Asian weather it is then.",Negative,Neutral
Don’t misgender El Hombre they/them identifies as La Niña,Neutral,Neutral
"@LisaG442 that's a very long comment based on a complete strawman. Neither I, nor the video itself nor anybody else claimed that El Nino was caused by human activity. Next time, respond to the words presented to you instead of the voices inside your head.",Neutral,Neutral
"​ @andylane247 he simply isn't and the facts don't lie, you do though, TDS",Neutral,Neutral
Its getting colder every year. Still in jumpers its May.,Neutral,Neutral
"So, the El Nino temperature was higher in 1877, but it is 'unprecedented' now? Oh. OK ...... 🤪",Positive,Neutral
DEMN GOD,Neutral,Neutral
Anyone trust anything that comes out of the BBC? 🤣,Neutral,Neutral
"Although I can acknowledge the gravity of the situation, I'm quite put off by the yellow rag sensationalist, tacky looking thumbnail for this report!! Is this really BBC?",Positive,Neutral
@xtremecoast wrong. Scientists are free to dispute it but they don't for the same reason that not a single scientist disputes that the Earth is a globe.,Neutral,Positive
"Well, you need a super thumbnail to preview the SUPER EL NINO",Positive,Positive
​ @Rockmanithan Yawn 🙄 People have been parroting this garbage for centuries. Get a grip.,Neutral,Neutral
And here I was wondering it's already may and it's pretty cold in Taiwan Good luck to us generation We will see how this evolution goes What will actually happen in 2028? Stay tuned and find out~,Positive,Positive
"Isn't it normally, though? I'm currently in Vietnam and yes, it's very hot but it is for like 90% of the year as it is a tropical climate.",Positive,Neutral
Not true.,Negative,Positive
"And they only talk about South America, Africa and Asia, not mentioning North America.",Neutral,Neutral
@CameraCamel YES 👹,Neutral,Neutral
"@Rockmanithan Ah, that old ""without god there's no objective good or evil"" bollocks again. 🙄 Utter nonsense.",Neutral,Neutral
The Earth has done this for millions of yeras global warming biggest scam in history the earth has always done this warm up cool down....ice age ring a bell lol,Positive,Positive
I was fine until you mentioned chocolate prices going up,Positive,Neutral
"As this doesn't give the reasons for El Nino, lets assume its the same reasons as we were told on various news channels 20 odd years ago in the UK that, when the Jetstream doesn't move North in the summer over the Atlantic as usual, its a good indicator of El Nino and Northern Europe will have a rubbish summer.",Positive,Positive
"I live somewhere in SEAsia, been hearing this since my childhood in the 90s, and I would say I'm feeling the same like decades ago: hot, humid and rain all year-round, rarely has changed, we're used to it, we're adjusting, we're adapting, it's just a cycle.",Positive,Positive
stop anthropomorphising inanimate objects,Neutral,Neutral
1871 SUPER ELÑINO MILLION DEATHS WORLDWIDE 🌎🌎🌎🔥🔥🔥😱😱😱,Positive,Positive
why the video looks like a 90s news tv?,Neutral,Neutral
Be moaning it's too cold in 4 months.,Negative,Neutral
@MM-we4no does it really matter? Both were just yesterday.,Positive,Neutral
usa israel and world leaders only cares for more war . whats the point in pointing at the wrong directions. Trump netanyahu and all does nothing but supporting wars. LIVE LOVE LIFE.,Positive,Negative
​ @ben101143 It's been Aotearoa since names were names Why does that frighten you?,Neutral,Neutral
And in 1887 when it was 2.7 above average.... who was pumping out the carbon then?,Negative,Neutral
"The proposed 440,000 acre, 65 miles, datacenter in utah is going to increase the climate there 2-5 degrees F. And dry the salt lake. And the noise! Ugh, i really hope they can get this turned around.",Positive,Neutral
Is 2026 more worst,Negative,Negative
Thanks for the heads up.,Positive,Neutral
Tell me something interesting like the water heating up in the winter not the summer 😂,Positive,Neutral
Hi,Neutral,Neutral
"We will all die this summer, no gta 6 for us 💀",Neutral,Neutral
I like it,Neutral,Neutral
Bro it always happened eversince,Neutral,Neutral
This planet will go back to normal without humans.,Positive,Neutral
America made EL Niño,Neutral,Neutral
This is fake,Negative,Negative
Or the climate “engineers”are planning more chaos with global warming set up as the patsy.,Positive,Neutral
😂,Neutral,Neutral
"It takes 60 years to decommission a nuclear power plant 437+ plants worldwide. Without humans around to maintain them, there would be enormous habitat loss and severe contamination. It is eery to think the next life forms of earth could be irradiated mutations with unknown side effects. Certainly life and as we know it today would cease to exist. It would be microbes, fungi and bacterium lol. Perhaps sending us back billions of years, with a largely uninhabitable landscape. 🤔",Positive,Positive
BBC is running propaganda for the globalist overlords that orchestrated a multifaceted global collapse.,Neutral,Neutral
Bill Gates had nothing to do with this.,Neutral,Neutral
You people are so short sighted. “Durr hope for good hot weather 😊”,Positive,Positive
@nuhuhuhuh-f8h No.,Neutral,Neutral
It means we could finally grow chocolates here.,Neutral,Neutral
well done humans 👏,Neutral,Neutral
"Whilst shooting ourselves in the foot ... Yes, we can adapt to the consequences of our stupidity. Just ... Why do we have to be so dumb?",Negative,Neutral
I would like to point out you guys cannot get the daily weather right,Positive,Positive
I'm going to die,Neutral,Neutral
well i guess we might as well just die already jfc,Neutral,Neutral
El Nino/La Nina forecasts over the last 10 years have been woefully inaccurate.,Neutral,Neutral
Try lookong into hydrothermal vents in that area.,Neutral,Neutral
"Yikes, its like were heading into Summer🤔",Neutral,Neutral
"@Gavin-n4j7m - El Nino does not make it ""cooler"" or cold anywhere. El nino is the failing of trade-winds (oscillator of weather systems) and the only reason it WOULD rain is because any build up in ice melt or moisture build-up is released suddenly because that water has nowhere to go. Winds have failed to move it. La Nina is the opposite. Thus lots of water going everywhere due to a cold ocean. The El-Nino and La-Nina swings, but El-Nino is becoming ever stronger each time due to human induced warming and climate change.",Negative,Neutral
Guys how do you deal with that that heat? Greetings from Germany,Neutral,Neutral
​ @granvillestout2681 just because humans impact one el niño making it extreme does not mean every extreme el niño requires humans to make it extreme. Logic education please I'm begging you,Negative,Neutral
​ @KSAUS2026 Does it matter whether Maori were here 200 years ago or 2000 years ago ? No matter what we say Maori are tangata whenua are you wanting to take that away somehow?,Neutral,Neutral
"so politics, and companies damaged everything",Neutral,Neutral
Meanwhile in Ireland it's the coldest May ever 🥶,Neutral,Neutral
There were severe droughts in Africa specifically Ethiopia and the “Caribbean”? How can you trust BBC when they don’t know the difference between African continents and the Caribbean?😅,Neutral,Neutral
"no, it's projected to be after 2-3 months, this is just the summer heat brother",Neutral,Positive
I’m not worried about El Niño… I’m more worried about El Donaldstein of the Supreme Leader. He’s out here acting like a final boss in a ending telenovela. 😫,Positive,Neutral
"This just became big news, when people in the Philippines have been experiencing this for more than three decades. Mainstream media really not covering environmental changes, only when it will affect first world countries. 🙄",Positive,Neutral
i have heard this el/la forcast about 14 times in my life.,Neutral,Neutral
​ @Rockmanithan Can you please get a bloody grip on reality.,Negative,Neutral
in 1982 I watched people using kayaks to navigate the flooded street in front of my home.,Neutral,Neutral
"1:54, Yup, use fear mongering words to push the climate agenda! Words like Atmospheric River, and Polar Vortex!!",Negative,Positive
"I know this is serious topic.. but when I see that messy hair, and more than casual shirt it feels like my buddy trying to explain something over a beer.. ""listen here mate, we are all going to die, ya know""? Is this a real video worth watching or could it be BBC pulling our leg?",Neutral,Neutral
Brace yourself my friend Strong Storm is coming soon,Positive,Neutral
"@MrYahboo Those of us on the other side think the same thing lol. So I was wrong about the El Niño phenomenon not being recorded: El Niño was not discovered by a single scientist on an exact date, but rather identified over centuries.The 1600s: South American fishermen first noticed periodic stretches of unusually warm Pacific waters that ruined their anchovy catch. Because it peaked around Christmas, they named it El Niño de Navidad (""the boy child"" in Spanish).The 1890s: The first scientific descriptions emerged at the Lima Geographical Society, linking the warm waters to shifting coastal currents.The 1920s: British meteorologist Sir Gilbert Walker discovered the ""Southern Oscillation""—the atmospheric pressure changes across the Pacific that drive the phenomenon. So there couldn’t possibly be man made reasons for El Niño in the 1600’s? Pre industrial time. First Industrial Revolution -. 1760 – c. 1830)Core Location: Great Britain. One tiny country’s outpuking of carbon couldn’t possibly affect climate change yet. Second Industrial Revolution started 1850 encompassing US, GB, Japan and Germany. Could theoretically affect climate change, but not on the grand scheme of earth’s own cyclical agenda. Now the last bit really needs attention. Atmospheric pressure changes that drive the phenomenon .. not carbon emissions.",Positive,Neutral
Shocking Mild out!,Negative,Neutral
"It's always been Aotearoa, don't worry about it",Neutral,Neutral
And yet the thing that people in the West will worry about the most is potential migrants fleeing their wrecked countries… wrecked by the West…,Positive,Neutral
"​ @hangender my home city was devastated by an earthquake; insurance coughed up billions to rebuild it, including my house...",Neutral,Neutral
"your hair is on fire! there is little evidence of a super duper, adjusted enso predicts average el nono effect and so far there is no second kelvin wave to increase warm water upwelling. THIS IS REALLY THE TRUSTE BBC THROWING BULLSHIT FEAR MONGERING IN OUR FACES WITHOUT OFFERING ANY SCIENTIFIC REASONING? SHAME ON YOU FOR THIS PATHETIC AND FAKE FEAR MONGERING HYPE !",Negative,Neutral
"Peak ragebait, you got these idiots frothing at the mouth lmao",Negative,Neutral
"So basically people all over are reporting life altering changes to the environment that they live in and a little resea3ch should make most come to the conclusion that these changes are caused by human activity. Now if you can pinpoint the industries and actions that are a source problem you will also see that there are new laws in place to criminalize people who take any action to stop projects or oppose actions that destroy the environment. You will also see that mining and production that seems to be part of the problem have protections in place that were established by the governments that support the corporate interests that may be largely responsible. For most solutions that could allow down to the point of averting the slide towards an unsustainable environment and ecosystem you will see that corporations and the governments they benefit have made it even criminal to try and stop said actions and there is extreme resistance to anyone wanting to hold states and companies that perpetrate climate altering actions. In the USA if one tries to physically stop an action that is sure to poison water and life for local or greater communities the government has put terrorist charge enhancements on actions that could stop pipelines or construction of infrastructure that will pollute and destroy ecosystems that sustain life. If you try to block damaging actions to protect your lands and community and the future of your children and family livelihood, you will be criminalized, called subversive, put on watch lists or designated an ""undesirable"" activist element. People see that if we do not do something to oppose systems that sell off our future and our trees and polluted our waters, etc, we will be charged as criminals or terrorists. People see that wars over fossil fuels are prevalent yet no states want to take steps to stop being reliant upon them because there is so much profit to be made producing and selling them. We have seen island societies that were isolated from the rest of the world become extinct and they all knew that the leaders and elite powers on that island were aware that they would soon die off if they did not stop depleting resources and overheating and cutting down trees to develop more and in EVERY case nobody did anything until every human was dead on those islands. I doubt they even teach these things to children growing up these days because they want nobody to see that we are doing it again. They want you to hate AI data centers because they are not good for the environment but AI has been around for ages so why are they building so many new data centers? These data centers have nothing to do with the AI you use right now. That AI has been working just fine without the need for massive new centers being built. AI data centers are being build to incorporate AI into military applications to wage extreme warfare against other nations and to store massive data points that profile human beings, for predictive policing, for mass control and surveillance, and to run entire digital infrastructure off automated systems. AI data centers are a threat to human liberty and will be used to control and profile each and every person in every developed country. There is very little new data to be stored. If you search the consumer grade internet it is a very small amount of data being rephrased and copy+pasted over and over. Even new news stories are just repeating each other. Instead of complaining about the pollution that AI data centers will create and the nuisance, understand WHAT they are and once you realize what they will be used for and how they will categorized and control you, you will not just fear them but hate them. At a certain point people will need to risk their lives and liberty to stop the small number of greedy people and companies that are constructing our destruction but many will wait until it is too late and too late means massive violence and loss of life and state slaughter of human beings on a scale larger than Palestine or what we have seen in Iran. I predict we will have concentration camps again as the most dissenting undesirables and rebels are classified and there will be mass incarceration and pharmacological crime and punishment modules where millions of humans will be hooked to IVs and drugs designed to torture and make hours seem like years will be used at facilities to punish those deemed criminal. Brain interface implants will be used in Thought Policing, and Predictive Policing will be used to neutralize possible threats before they manifest, meaning your children will be grabbed and quarantined and forced into re-education programs based on predictive analysis that is AI powered. Before you dismiss what I have just written, feel free to Google or research every thing I have labeled and pointed out in this comment and you will be amazed to see that these are actual real and currently funded and in development programs. Every single thing I wrote about is based off of real science and there are countless journal entries and articles and scientific data that exist. Back when libraries had books there was even more data about these programs, but especially in the USA you must have noticed that there are fewer and fewer libraries. The reason for this is that library books cannot be easily censored and reviewed for material yearly that threatens political or government narratives as they change, but electronic publications and videos can be censored in milliseconds and can be deleted, blocked, denied space on domains, etc. In essence, wisdom and knowledge are now seen as threats to National and international security. Read this comment once more of it didn't truly sink in what is being said the first time, and good luck resisting the evil that is coming because not much is currently being done to stop it. You see all the signs and yet there is no organized resiatance...",Neutral,Positive
"I live in Paraná State (South of Brazil) and considering the history i believe this region will get many storms, floods, heatwaves and wildfires 👍👍👍",Positive,Neutral
LOL! 😂😂😂,Positive,Positive
"That is not true. If humans die, the earth will implode within 6 months.",Negative,Neutral
Pump that fear.,Neutral,Neutral
Sure record breaking 😂,Positive,Positive
"The last strongest el nino happened in 1876 and because of it we had no rain for 3 years in india, resulting in 8.7M death in the great famine. And the world was way colder in 1876 than now",Positive,Positive
"​ @keri471 Just ignore him hes what they call a ""ai bro""",Neutral,Neutral
"But here in Peru authorities are not talking about it, they are denying its magnitude.",Neutral,Neutral
"It's your fault Gavin, don't forget!",Neutral,Neutral
Still pushing the “ were all doomed “ climate bollocks ffs .,Neutral,Neutral
"@eddscall ah so that is the reason ""earth allowed"" of human evolve :) that must be it...",Positive,Neutral
Temperature is low but humidity is crazy where i live,Negative,Neutral
I knew it Arsenal winning the league would bring chaos around the world just when Liverpool won the league in 2020.,Positive,Neutral
Utter rubbish!,Neutral,Neutral
"Until you know the difference between weather and climate, you should refrain from commenting. You're embarrassing yourself.",Neutral,Neutral
Or two hours,Neutral,Neutral
weather isn't climate.,Neutral,Neutral
@Easelandechoes what a great contribution.,Positive,Positive
Not me thinking of Fernando Torres,Neutral,Neutral
"​ @joseuk1199 yes, considering drumpy is bankrupting us",Neutral,Neutral
Thumbnail looks like the apocalypse,Neutral,Neutral
I'm sorry for the loss of your trees~ How old/large were they? Have you planted new ones that might be better suited to your area's current weather patterns?,Neutral,Positive
"@CH-iy4go due to our efforts across the globe people live in more comfort and security than at any point in history, no need to thank us we may have been the pioneers but we are happy to let you reap the rewards",Positive,Positive
El Nino ? more like build more AI data centers,Positive,Neutral
"Oh and don't forget that drought/famine in the Middle East is typically one of the earliest indicators of political instability, war, and refugee crises. Arab spring happened in part due to the drought/famine. So that'll be not ideal.",Negative,Neutral
Zoolander 2 reference.,Neutral,Neutral
In panama the day is super hot,Positive,Positive
Coming from the uk I’m hoping this means a warmer summer,Neutral,Positive
I just want to know if I can go out on my bike,Neutral,Neutral
Who chooses it’s adjectives? GODZILLA??? 😂😂😂,Neutral,Neutral
"If that means I can have my pool up all summer,bring it on,don’t feel guilty,it’s the super rich that causes all this crap,not us. They have the power to change things,but the money is more important to them than Mother Earth . She’ll be here long after all of us are dust .",Positive,Positive
"depending where you are, it can mean devastating floods, extreme drought, raging wildfire, extreme heatwaves... or if you are in the uk and ireland... it can mean a continuation of the standard atlantic summer soft moist benign dreary rot.",Negative,Negative
El Niño has been a part of this region FOREVER.,Neutral,Neutral
2027 - end of world....hell yeah,Neutral,Neutral
Your enthusiasm throughout this upload made everything feel exciting and enjoyable for viewers everywhere today.,Positive,Neutral
Underrated comment 😂😂😂,Neutral,Neutral
Bush fires in Australia again ?,Neutral,Positive
Dont believe anything bbc ever say trust 👍🏻,Neutral,Neutral
Maori settled NZ in the 1200’s. Hardly been there since the beginning of time.,Negative,Neutral
@Robqwerty1 🟠 Not gonna happen. They Destroyed the Ozone Layer. That’s why they’ve got everything ready to Hide in their Underground Bunkers. But they Can’t get out Ever because will be NOTHING left outside. The rest of us …,Positive,Neutral
Only El I want is El taco,Neutral,Neutral
How i love being a vancouverite who is senstive to heat...haha..,Positive,Positive
Oh well…. Tea up☕️,Neutral,Neutral
"Given how Japan relies on seafood as a primary source of protein, I'd be more worried about what warmer oceans will do to both fresh and salt water fisheries.",Positive,Positive
No it is not!,Neutral,Neutral
"Meanwhile, I am in my duvet on May 17 in the UK, so hot",Positive,Positive
just a normal day of El Niño.... sips coffee,Positive,Neutral
El Nino??? Or Military Weather Control Systems 🤷🏽‍♂️ Here comes another Fake Virus like Disaster,Negative,Neutral
El Ninio is overdue 🚨,Neutral,Neutral
I heard this happened back in 1877 and millions of people died from it?,Neutral,Neutral
It seems earlier races looked after the earth better than our industrial age now. I think earth is trying to cleanse itself and fix what we have broken? Could this be quite devastating for man…definitely!,Negative,Neutral
"Mother, the Earth has done this all its life life will continue. It will take life and give life that is nature.",Neutral,Neutral
You spoke for 5-1/2 minutes and said nothing.,Neutral,Neutral
​ @DavidJones-ih1cp talking bollocks,Neutral,Neutral
"Except it’s not El Niño super, it’s mega geoengineering with a frequency emf fence. Stop being brainwashed",Positive,Positive
What a dumb comment to make about Chocolate. People are literally dying and you just care about your sweets.,Negative,Neutral
Well said,Neutral,Neutral
"BBCs credibility is gone… The earths climate changes every now and then… wow, yeah wow",Positive,Positive
Normal weather cycles (with variation) or will it be sold as climate change Davos-style?,Positive,Neutral
Cravens news round,Negative,Neutral
@b2dfr6ju23k undisputed means that you're not allowed to question it in this case so no actual scientists are allowed to dispute it if they wanted to. The climate change influencers have spoken.,Neutral,Neutral
"More ""extreme weather"" reports? When will the BBC ever stop its propaganda to convince people that the Extinction Rebellion should lead efforts to avoid climate change disasters? Never, the BBC are fools.",Positive,Neutral
Ain't no way,Neutral,Positive
"Yes, you basically just said what most people already know. Climate change is just a big corporate hoax which is used to boost profits.",Positive,Neutral
"@fedup99 62 yo here. I've never had AC. I hate the stuff. Ruins me for being outside, and makes me sick.",Negative,Neutral
For the Entire World 🌍! That’s the Plan for very Long time. Gaza was just the Beginning. Get Ready for the Inevitable because will be No place to Hide. Sad and Cruel things gonna happen …,Negative,Neutral
They hate when I point out wee are still in one,Negative,Negative
In all broadcast journalism now the dress code for white men is to be unshaven and wear a crappy unbuttoned shirt.,Neutral,Neutral
Hopefully without Humans!!!!,Neutral,Neutral
"I have a dart board at home with a picture of Richard Tice on it. I'm told this kind of tomfoolery won't help make things any better and they're probably right, but it's a great outlet for me.",Positive,Positive
while this is happening people still believe climate change us purely natural or doesn't even exist.,Positive,Neutral
Sooooo…. Climate change confirmed scam?,Positive,Neutral
What does this mean for Europe?,Negative,Neutral
I'm sure the oil refineries that was burnt during The Orange's recent military exercise in Iran has absolutely nothing to do with that.,Positive,Positive
I’m pretty sure the media have said this for over 25 years. I remember when I was a kid they said there would be a super Nino,Positive,Positive
"Here in Turkey we are going through the most rainy, coolest May on record! ... well don't know about the record but it's certainly cool and rainy all the time, all the way up to June, which is an exceptional phenomenon.",Positive,Positive
Hopefully 🤣.,Neutral,Neutral
JESUS IS COMING BACK,Neutral,Neutral
"​ @Ont785 Dear sis God made everything. For by him all things were created, in heaven and on earth, visible and invisible, whether thrones or dominions or rulers or authorities—all things were created through him and for him.",Neutral,Neutral
Hey! Don't insult me! That's important to me! 😝,Positive,Neutral
The leading scientists left the dooming position because theire prediction model was wrong….so No..,Neutral,Neutral
@kodyadams5561 You said 68 countries will set all time highs,Neutral,Neutral
“ it’s not just about chocolate prices” was the phrase surplus to requirements,Neutral,Neutral
​ @Mtbmechanics35yrs comments like this show there is no hope for the USA,Neutral,Neutral
Watch again. This is important.,Positive,Neutral
"Aotearoa is the Māori traditional name for New Zealand meaning the land was Aotearoa before European contact. As in so many aspects in our world, no matter what part of the world, there is a Eurocentric bias.",Positive,Neutral
So the average Southeast Asian weather. Got it.,Negative,Neutral
Fear fear fear!!!!!,Neutral,Neutral
There are no flies wasps or bees😮,Neutral,Neutral
I’m calling it that my town sees the hottest day ever recorded,Neutral,Neutral
Thanku so much for sharing 🩷⭐️,Positive,Neutral
"yeah yeah yeah . . . We are her. We come from nature and are a different version of her when she becomes fully aware and hyper conscious. I don't she wants us to go because we don't want to go, at least most of us",Positive,Neutral
"Could you say more words like Potentially Maybe Could be Likely to Approximately Should Might Sources said Can What a load of sensationalised BBC media bullshit. If you told the truth, work facts, people might actually believe you. You might not get as many clicks but at least you could rest at night knowing you told the truth",Neutral,Positive
"@thadplunger832 I don't understand why you got so riled with my comment. I recycle religiously, do not own a car, and work in an ethical place with sustainability as a pillar of its mission statement. I mostly buy used clothes from Oxfam, even my laptop is refurbished. In my holidays I mostly free camp and make a point to clean other people's trash. I am against corporations and boycott horrible places like MCdonalds. Are you denying that the weather in the UK is total trash, and that we could do with some more sunshine? Do you understand very basic humour? Chill out a minute, bud.",Positive,Positive
It is coming to my house,Neutral,Neutral
"The Correction The room was neither large nor small. It was the kind of room that didn’t need to be either. No windows. Good coffee. A projector humming quietly against a pull-down screen that nobody had pulled down. “The models converged in January.” He didn’t stand. Men like this stopped needing to stand a long time ago. “Two-thirds non-viable by 2041. That’s the floor, not the ceiling.” Someone turned a page. The sound was very loud. “Greenland is operational. New Zealand fully committed. The Chilean stations are ahead of schedule, which is the first good news I’ve had this quarter.” A brief, genuine smile. “Water tables, growing season projections, protein yield. All in the appendix. I won’t insult you by walking through it.” “The remainder.” A voice from somewhere left of centre. Not a question exactly. “The remainder adapt or they don’t. Historically enough of them do to maintain function. The debt architecture keeps them oriented in the interim. Productive, even. They’re not idle, they’re just not relevant to this particular conversation.” Nobody wrote that down. Nobody needed to. “We looked at harder interventions. Thoroughly, seriously, without sentiment.” He turned his coffee cup slowly on the table. “The bomb was always a dead end. Literally. You cannot curate a future from a crater. The biological programmes had promise but they leak. They’re visible. They generate exactly the kind of noise that makes the next forty years harder.” He paused. “This requires nothing from us. Not a decision, not a trigger, not a directive. The planet has been building to this correction for half a century. We didn’t architect it. We simply reached the point, earlier than most, where pretending otherwise became an inefficient use of everyone’s time.” The hum of the projector. “Greenland didn’t come cheap. Neither did the modelling, the real estate, the silence of certain people in certain positions.” He looked up for the first time. “But compared to the alternative, compared to riding it out in the same boat as everyone else and calling that moral, I think we made the rational choice.” A long quiet. “The ones who matter are already inside the window. The ones outside it.” A small pause, almost delicate. “They’ll have other things to think about.” He closed the laptop with both hands, slowly, like something ceremonial. “That’s the meeting. Leave the appendix.”",Positive,Positive
The world is already ruining my adult-life already😞,Neutral,Negative
"I understand that climate control is a big factor, just let's not forget that technically we are getting slowly pulled into the sun and nothing will stop that.",Negative,Positive
El Nino that's Spanish for The Nino. Did you know that😂,Neutral,Neutral
Fake News,Negative,Negative
Now leftist media and politicians will blame Modi for this El Niño 😂😂,Neutral,Neutral
I honestly don't think that we're doing this. Planets can be super unpredictable at times and this is one of those times.,Positive,Neutral
We should probably keep the kids home and wear a mask,Neutral,Neutral
"100%, we are just cancer, even if all human disappear we already leave behind the nuclear waste and abandoned the nuclear power plant which cause more damage to the environment and animal in the future 😂. and dont forget all those trash floating away in the ocean",Neutral,Positive
Under deceive volcanoes fart continuously sometimes more times than others and it has an effect on the weather,Positive,Neutral
❤😂🎉😢😮😅😊,Neutral,Neutral
"I hate el nińo, I don’t go outside with that heat. AT ALL",Negative,Neutral
It did and thrived 😅,Neutral,Neutral
@ApeX-pj4mq Yeah we have all heard the marketing propaganda and it's all lies.,Negative,Neutral
"you mean like dinosaurs? as much as humans cause problems, they also protect nature, they plant trees, feed animals, protect rare species ..etc",Positive,Positive
@cameronmackenzie5356 I didn’t say it was ?,Neutral,Neutral
"To summarise: it will be dryer and wetter, but and also hotter and cooler",Neutral,Neutral
Mother earth can live with or without the human beings.,Positive,Neutral
Sounds like the usual BBC weather forcast. It may or may not or in fact it could but we are not sure. I think that billion pound super computer should be put out of our misery.,Negative,Positive
When are you yanks going to learn a ton is 1000kg?,Neutral,Neutral
at this point its america causing all these bad weather conditions for their agenda you cant deny it after what happened to the middle east after a weather station got bombed by iran,Negative,Neutral
No it was created for us.,Neutral,Neutral
Humans have destroyed this planet and now they want to colonise other planets. No fix this this one!,Negative,Neutral
Everyone forgets about the fallen angels living here with us.,Neutral,Neutral
Chupappi Munaño’s older brother,Positive,Neutral
Obviously your going to have warmer sea and glowing after daichi power station meltdown and released hard water.,Negative,Neutral
no it's not coming. Don't worry too much. live a little.,Neutral,Neutral
"He said 1997, not 1987",Neutral,Neutral
Not enough attention on this topic for sure!!! I live on the big island of Hawaii and I’m preparing for a catastrophic year of severe weather.,Positive,Positive
Jesus is coming repent! Before it to late the Bible already talks about this🙏🏽,Negative,Neutral
@JimVodd theres plenty of life without the humans lol,Positive,Positive
Is this AI?,Neutral,Neutral
"​ @MrYahboo try looking it up for yourself, I'm not your mummy",Neutral,Neutral
Well come El Nino.....❤,Neutral,Neutral
"It's official, 11th June and it's going to be the warmest on record here in the south of England. Well, I'm getting out my winter eclectically heated jacket and anti fogging spray for my motorbike. the science might be in but then so is the sun.",Neutral,Neutral
UK constantly in La Nina..,Neutral,Neutral
"@patrickquinlan3056 bacteria also survive (and even 'thrive' by your definition), but I wouldnt really expect them to know how physics works. Many of our ancestors thought the world was flat and you expect them to know how the universe works lmao Stop fetishising the past",Positive,Neutral
"End Times, God just ask for a realtionship. We all sin and fall short of God's glory but thats why He came to save all through His blood. If you believe, put your faith in Him and trust are you saved. Repent. Wars, rumors of wars, plagues, famines, earthquakes, signs, scoffers scoffing of Christ return, false prophets and so much more. All it is- is a relationship, no ones perfect, we all are human, Jesus saves.",Positive,Neutral
Same old BBC “Borrocks Bullship and C-Rap. Pity the fools that fall for this nonsense 🥱,Neutral,Neutral
Been saying this for last 3 yrs. more bolox,Positive,Neutral
"nice,warm,sun, summer 😂🏖",Neutral,Positive
I was quite interested and then you mentioned the BBC. shame.....,Positive,Neutral
It wants to hurry up because it cold here in May in UK.,Negative,Negative
Has anyone tried burying their heads in the sand yet?,Neutral,Neutral
There was never a time in history where the climate was perfect for all of earth’s inhabitants There is no equilibrium The climate has never been static Remove all human carbon output and still there are many factors that will change the climate Be a good steward but don’t by into the alarmist propaganda Adapt is the best we can do,Positive,Positive
"In 20 years, we'll be watching a video projecting a Super UBER El Nino!",Positive,Positive
BBC Just cant stop Doomposting,Neutral,Neutral
Why can’t the bbc talk about the migrant crisis,Neutral,Neutral
The BBC waisting their publicly funded budget to spout their climate change propaganda. No doubt they’ve got this information from the Met Office .. another publicly funded organisation that just can’t stick to its own weather forecast agenda 🙄,Positive,Neutral
"A change in the weather can ONLY bring bad outcomes. Thanks BBC, stay objective...",Negative,Neutral
the World when i finally have my baby:,Neutral,Neutral
Godzilla El Niño sounds like the next season of Monarch,Neutral,Neutral
Fear…fear…..FEARRRRRR!!!,Neutral,Neutral
As if the war in middle east was not enough 😒,Neutral,Neutral
​ @CH-et4go yeah I don't think that guy realises how stupid his comment is.,Negative,Neutral
GTA what? insignificant,Neutral,Neutral
"@mpkartik999 you first,",Positive,Neutral
So just another day in south africa :D,Positive,Neutral
@gavinvdm No that's a metric ton not an American ton. Yanks have 2 differents tons and they use both to make things even more complicated for them 😂,Neutral,Positive
💯👏👍,Neutral,Neutral
​ @iraceruk been saying this for years👏👏👏,Neutral,Neutral
Steal the rich money especially those Ai bros,Positive,Positive
"Will the Earth Be Destroyed? The Bible’s answer No, planet Earth will never be destroyed, burned in fire, or replaced. The Bible teaches that God created the earth to be inhabited forever. “The righteous will possess the earth, and they will live forever on it.”—Psalm 37:29. “[God] has established the earth on its foundations; it will not be moved from its place forever and ever.”—Psalm 104:5. “The earth remains forever.”—Ecclesiastes 1:4. “The One who formed the earth, its Maker who firmly established it, . . . did not create it simply for nothing, but formed it to be inhabited.”—Isaiah 45:18. Will humans ruin the earth? God will not allow humans to ruin the earth completely by pollution, warfare, or any other means. Rather, he will “bring to ruin those ruining the earth.” (Revelation 11:18) How will he accomplish that?* God will replace human governments, which have been unable to protect the earth, with a perfect heavenly Kingdom. (Daniel 2:44; Matthew 6:9, 10) That Kingdom will be ruled by God’s Son, Jesus Christ. (Isaiah 9:6, 7) When on earth, Jesus exercised miraculous powers over natural elements. (Mark 4:35-41) As the King of God’s Kingdom, Jesus will exercise full control over earth and its elements. He will re-create, or renew, conditions on earth, making them similar to those that existed in the garden of Eden.—Matthew 19:28; Luke 23:43. *Doesn’t the Bible teach that the earth will be burned in fire? No, it does not.* Such a misconception often comes from a misunderstanding of 2 Peter 3:7, which says: “The heavens and the earth that now exist are reserved for fire.” Consider two important points that help us understand the meaning of those words: The Bible uses the terms “heavens,” “earth,” and “fire” to refer to more than one thing. For example, Genesis 11:1 says: “All the earth continued to be of one language.” Here, “earth” refers to human society. The context of 2 Peter 3:7 indicates the meaning of the heavens, earth, and fire mentioned there. Verses 5 and 6 draw a parallel with the Flood of Noah’s day. On that occasion, an ancient world was destroyed, yet our planet did not disappear. Instead, the Flood wiped out a violent society, or “earth.” (Genesis 6:11) It also destroyed a kind of “heavens”—the people who ruled over that earthly society. Thus, wicked people were destroyed, not our planet. Noah and his family survived the destruction of that world and inhabited the earth after the Flood.—Genesis 8:15-18. Similar to the waters of the Flood, the destruction, or “fire,” of 2 Peter 3:7 will bring an end to the world of wicked people, not to planet Earth. God promises “new heavens and a new earth” in which “righteousness is to dwell.” (2 Peter 3:13) A “new earth,” or new human society, will be ruled over by “new heavens,” or new leadership—God’s Kingdom. Under the rule of that Kingdom, the earth will become a peaceful paradise.—Revelation 21:1-4.",Positive,Positive
"Because 99% of their claims are lies, that's why so many of us stopped caring about the climate lies When they fly in jets everywhere Demand we not eat meat but fly in beeef from Japan Until the rich admit it's a money laundering at the cost of lives we may give a crap Until then nope",Positive,Neutral
Idaho already had a dry winter…. We need the rain and snow.,Negative,Neutral
"​ @Greenpoloboy3 by definition an ice age is ice at both poles, simple bit of research will tell you that, 90 degrees increase we're all already dead might as well stop pandering to the masses and let people go out peacefully",Neutral,Neutral
"Humans: You where to be the Caretakers of the Earth & Each other ! How Grate that would have Been ! - But you would Not - So the Earth it self - Shall rise up - & - slay you ! ""Sorry"" Have A Blessed Day !",Negative,Neutral
"Nature is the biggest balancing force,,,n what have seen is high temperatures will be countered by high moderating effects but certainly say how both of will be harsh on life.",Positive,Positive
First time flood second time fire. This earth will burn and all with it that have not turned to God and put their faith in Him. Those of us that know the bible and are with God understand whats happening.,Positive,Neutral
"​ @Ont785 Isaiah 45:18 [18]For thus saith the LORD that created the heavens; God himself that formed the earth and made it; he hath established it, he created it not in vain, he formed it to be inhabited: I am the LORD; and there is none else.",Neutral,Neutral
I've heard that 2027 is going to be significantly worse.,Negative,Negative
"Given the history of Indonesia, I strongly suspect that wildfires there are man-made rather than El Niño-related.",Positive,Neutral
It's a lie don't be fooled,Neutral,Neutral
Earth gon hit the reset button soon.,Neutral,Neutral
California better get ready for wildfires worse than Jan 2025.,Positive,Positive
4:00 did he just call the Caribbean a part of Africa?😂,Neutral,Neutral
We deserve extinction!!! we ruined this planet and we’re so divided!,Neutral,Neutral
"I heard a climatologist explain that the reason Europe is warming more than other areas is because we have drastically reduced air pollution, allowing more sunlight and creating less cloud cover.",Positive,Neutral
We are cooked🙏🙏🙏,Neutral,Neutral
The fact that you think our planets natural climate cycles has anything to do with humans is so funny. These are normal... However the longterm impact humans have on this planet makes these cycles worse.,Neutral,Positive
"@jvlbme not only am i vegan, i do not use motorised transportation unless i’m travelling long distances via public transport, i recycle all of my household waste, including sewerage into biogas, grey water into my garden, i only buy new clothes when my old ones fall apart and those get cut up to reuse as rags or reusable menstrual products. I grow my own loofahs i do not use plastic AT ALL I make my own soap lotions shampoos and conditioners I only buy sunscreen. I grow and conserve my own food and I only use the internet two hours a week: I check the news, contact loved ones and gather the information i need. And still it wont make a lick of a difference because billionaire tech giants and war mongers ar munching our natural resources with nothing or nobody stopping them.",Positive,Positive
What if its China's doing cause they're roaming around in the Pacific Ocean for so long,Neutral,Neutral
This is shaping up to be an amazing year ❤,Positive,Neutral
65% chance of happening.,Neutral,Neutral
Finally my prayers answered,Neutral,Neutral
Probably propaganda,Negative,Neutral
Pretty sure this is second El Niño in 20 years 😂,Positive,Positive
Bring on the heat please to the UK sick of the bloody cold cloudy so called summers we usually have,Negative,Negative
Took a few seconds to load at full resolution so I was extra confused. I thought it was archive from the 98 Niño,Negative,Neutral
Yup. '76 was a scorcher in the UK. I remember because I was running a general store and aircon was just a lovely dream.,Positive,Neutral
or your all just manipulating it,Neutral,Neutral
Well deserved .,Neutral,Neutral
cause by data centers,Neutral,Positive
Don’t worry people Trump will fix everything🎉🎉🎉🎉🎉🎉,Neutral,Neutral
"No matter how the big media groups want to hide it, but the reality is that the weather of whole region has changed after destruction of US installations in the Gulf.",Positive,Neutral
@cchris5958 this comment is hosted in a datacentre.,Neutral,Neutral
"Were not destroying our planet, we're destroying our future. Earth will be fine, it's been through worse than anything we could ever do to it.",Neutral,Negative
@ianspencer7227 no what don't do what and who are 'they' anyway?,Neutral,Neutral
wait until it become el señor,Neutral,Neutral
Another CIA esptein gang project! Iran wiped out CIA climate control centres now iraq iran turkey pakistan have rains in summer,Neutral,Neutral
"​ @Rockmanithan Brad, kaiin na.",Neutral,Neutral
